step	loss
0	0.19387340545654297
1	0.07439463585615158
2	0.030594827607274055
3	0.025804875418543816
4	0.023357689380645752
5	0.020644085481762886
6	0.01978016085922718
7	0.018808811902999878
8	0.018722454085946083
