{
    "train": {
        "loss": 0.028327064588665962
    },
    "eval": {
        "loss": 0.018722454085946083
    },
    "dice_multi": 0.9260959435172123,
    "step": 8
}
